<?xml version="1.0"?>
<pagescount>
	<html_total>4</html_total>
	<html_done>4</html_done>
	<images>2</images>
	<script>12</script>
	<css>1</css>
	<pdf/>
	<documents/>
	<excel/>
	<powerpoint/>
	<flash/>
	<audios/>
	<videos/>
	<xml/>
	<json/>
	<txt/>
	<autocad/>
	<model_3d/>
	<fonts>2</fonts>
	<scraping_reload>1</scraping_reload>
	<is_pretty_url>false</is_pretty_url>
	<has_trailing_slash>false</has_trailing_slash>
	<is_ebn>false</is_ebn>
	<email>wdo@waybackmachinedownloader.com</email>
	<theme_name>WmdTheme1045753</theme_name>
	<server_url_front_page>https://www6.waybackmachinedownloader.com/wdo/files/demo/peaceful-empanada-2a5e5b.netlify.app_wdo_waybackmachinedownloader.com_cm7prys7j9/</server_url_front_page>
	<no_www_url>peaceful-empanada-2a5e5b.netlify.app</no_www_url>
	<hosted_domain/>
	<original_archive_url>https://peaceful-empanada-2a5e5b.netlify.app/</original_archive_url>
	<final_archive_url>https://peaceful-empanada-2a5e5b.netlify.app/</final_archive_url>
	<front_page_code_date/>
	<total_urls_from_api/>
	<max_reached_live>false</max_reached_live>
	<scrape_other_captures>false</scrape_other_captures>
	<action/>
	<current_scraping_url/>
	<total_size>976</total_size>
</pagescount>
